{"id":"8A00DB12-8400-4FD0-8DCC-24AA7F02F10E","validationEntity":{"analysedDataType":"auto","dataResult":{}},"modelEntity":{"createdDate":"2021-11-29T07:10:57Z","id":"4CF320E1-CE25-4610-935B-006E67821139","experimentID":"8A00DB12-8400-4FD0-8DCC-24AA7F02F10E","title":"","modifiedDate":"2021-11-29T07:10:57Z","preferredFilename":"","version":"1.0","modelURL":"Models\/MyImageClassifier%201.mlmodel"},"version":"1.0","settingEntity":{"taskType":"imageClassifier","augmentations":[],"styleTransferAlgorithmType":"image","iterationCount":25,"transferLearningEmbeddingType":"dynamic","harVideoAugmentations":0,"algorithmType":"maxEnt","seedType":"default","featureNames":[]},"state":"trained","trainingEntity":{"finishTime":"2021-11-29T07:46:37Z","recipeTrainingResults":{"imageClassifier":{"confusionMatrix":[{"expected":"as332","actual":"as332","count":10},{"expected":"as350","actual":"as350","count":6},{"expected":"b430","actual":"as350","count":1},{"expected":"s76","actual":"as350","count":1},{"expected":"aw139","actual":"aw139","count":8},{"expected":"b412","actual":"b412","count":8},{"expected":"b430","actual":"b430","count":7},{"expected":"as332","actual":"bk117","count":1},{"expected":"bk117","actual":"bk117","count":8},{"expected":"md900","actual":"bk117","count":1},{"expected":"c680","actual":"c680","count":10},{"expected":"md900","actual":"md900","count":9},{"expected":"s76","actual":"s76","count":9}],"statsByLabel":{"c680":{"count":10,"precisionRecall":{"success":{"recall":1,"precision":1}}},"bk117":{"count":10,"precisionRecall":{"success":{"recall":0.80000000000000004,"precision":1}}},"b430":{"count":7,"precisionRecall":{"success":{"recall":1,"precision":0.875}}},"md900":{"count":9,"precisionRecall":{"success":{"recall":1,"precision":0.90000000000000002}}},"as350":{"count":8,"precisionRecall":{"success":{"recall":0.75,"precision":1}}},"s76":{"count":9,"precisionRecall":{"success":{"recall":1,"precision":0.90000000000000002}}},"b412":{"count":8,"precisionRecall":{"success":{"recall":1,"precision":1}}},"aw139":{"count":8,"precisionRecall":{"success":{"recall":1,"precision":1}}},"as332":{"count":10,"precisionRecall":{"success":{"recall":1,"precision":0.90909090909090906}}}},"accuracy":0.94936708860759489}},"dataResult":{"itemsCount":90,"dataURL":"file:\/\/\/Users\/shinoharakouhei\/Desktop\/TrainingData\/","classesCount":9,"dataSourceID":"6E28379E-68A2-40C4-8CFC-5C64C56F8695","analysis":{"summary":{"sampleCount":90,"classCount":9,"canUseValidation":1},"issues":[{"description":"9 classes found, including bk117, md900, b412","severity":"debug"},{"description":"90 images found, automatically creating validation set","severity":"good"},{"description":"Smallest class is \"s76\" with 10 images","severity":"debug"},{"description":"Largest class is \"bk117\" with 10 images","severity":"debug"}],"classifierAnalysis":{"columns":[],"vizualizerSpec":"","labelStats":{"c680":10,"bk117":10,"b430":10,"md900":10,"as350":10,"s76":10,"b412":10,"aw139":10,"as332":10}}}},"dataURL":"file:\/\/\/Users\/shinoharakouhei\/Desktop\/TrainingData\/","featureExtractionCheckpointMayBeAvailable":false,"recipeValidationResults":{"imageClassifier":{"confusionMatrix":[{"expected":"as332","actual":"as350","count":2},{"expected":"as332","actual":"aw139","count":1},{"expected":"md900","actual":"aw139","count":1},{"expected":"md900","actual":"b412","count":1},{"expected":"s76","actual":"b412","count":1},{"expected":"as332","actual":"b430","count":1},{"expected":"aw139","actual":"b430","count":1},{"expected":"b430","actual":"b430","count":1},{"expected":"md900","actual":"md900","count":1},{"expected":"md900","actual":"s76","count":1}],"statsByLabel":{"b430":{"count":3,"precisionRecall":{"success":{"recall":0.33333333333333331,"precision":1}}},"md900":{"count":1,"precisionRecall":{"success":{"recall":1,"precision":0.25}}},"as350":{"count":2,"precisionRecall":{"success":{"recall":0,"precision":0}}},"b412":{"count":2,"precisionRecall":{"success":{"recall":0,"precision":0}}},"s76":{"count":1,"precisionRecall":{"success":{"recall":0,"precision":0}}},"aw139":{"count":2,"precisionRecall":{"success":{"recall":0,"precision":0}}},"as332":{"count":0,"precisionRecall":{"success":{"recall":0,"precision":0}}}},"accuracy":0.18181818181818188}},"progress":[{"currentRowIndex":0,"tableIndex":0,"count":0,"isLast":false,"percentComplete":0,"tableDone":false},{"icTrainingColumnHeader":{"hasValidation":true,"elapsedTime":1.0634939999999999,"trainingAccuracy":0.18987299999999999,"iterationCount":1,"validationAccuracy":0},"isLast":false,"currentRowIndex":0,"count":1,"tableDone":false,"tableIndex":18,"percentComplete":0},{"icTrainingColumnHeader":{"hasValidation":true,"elapsedTime":1.102697,"trainingAccuracy":0.40506300000000001,"iterationCount":2,"validationAccuracy":0},"isLast":false,"currentRowIndex":0,"count":2,"tableDone":false,"tableIndex":18,"percentComplete":0},{"icTrainingColumnHeader":{"hasValidation":true,"elapsedTime":1.1143989999999999,"trainingAccuracy":0.69620300000000002,"iterationCount":3,"validationAccuracy":0.18181800000000001},"isLast":false,"currentRowIndex":0,"count":3,"tableDone":false,"tableIndex":18,"percentComplete":0},{"icTrainingColumnHeader":{"hasValidation":true,"elapsedTime":1.1318569999999999,"trainingAccuracy":0.67088599999999998,"iterationCount":4,"validationAccuracy":0.36363600000000001},"isLast":false,"currentRowIndex":0,"count":4,"tableDone":false,"tableIndex":18,"percentComplete":0},{"icTrainingColumnHeader":{"hasValidation":true,"elapsedTime":1.144468,"trainingAccuracy":0.69620300000000002,"iterationCount":5,"validationAccuracy":0.18181800000000001},"isLast":false,"currentRowIndex":0,"count":5,"tableDone":false,"tableIndex":18,"percentComplete":0},{"icTrainingColumnHeader":{"hasValidation":true,"elapsedTime":1.2508900000000001,"trainingAccuracy":0.94936699999999996,"iterationCount":10,"validationAccuracy":0.18181800000000001},"isLast":false,"currentRowIndex":0,"count":10,"tableDone":true,"tableIndex":18,"percentComplete":0},{"currentRowIndex":0,"tableIndex":0,"count":15,"isLast":false,"percentComplete":0,"tableDone":false},{"currentRowIndex":0,"tableIndex":0,"count":20,"isLast":false,"percentComplete":0,"tableDone":false},{"currentRowIndex":0,"tableIndex":0,"count":25,"isLast":false,"percentComplete":0,"tableDone":false},{"currentRowIndex":0,"tableIndex":0,"count":30,"isLast":false,"percentComplete":0,"tableDone":false},{"currentRowIndex":0,"tableIndex":0,"count":35,"isLast":false,"percentComplete":0,"tableDone":false},{"currentRowIndex":0,"tableIndex":0,"count":40,"isLast":false,"percentComplete":0,"tableDone":false},{"currentRowIndex":0,"tableIndex":0,"count":45,"isLast":false,"percentComplete":0,"tableDone":false},{"currentRowIndex":0,"tableIndex":0,"count":50,"isLast":false,"percentComplete":0,"tableDone":false},{"currentRowIndex":0,"tableIndex":0,"count":55,"isLast":false,"percentComplete":0,"tableDone":false},{"currentRowIndex":0,"tableIndex":0,"count":60,"isLast":false,"percentComplete":0,"tableDone":false},{"currentRowIndex":0,"tableIndex":0,"count":65,"isLast":false,"percentComplete":0,"tableDone":false},{"currentRowIndex":0,"tableIndex":0,"count":70,"isLast":false,"percentComplete":0,"tableDone":false},{"currentRowIndex":0,"tableIndex":0,"count":75,"isLast":false,"percentComplete":0,"tableDone":false},{"currentRowIndex":0,"tableIndex":0,"count":80,"isLast":false,"percentComplete":0,"tableDone":false},{"currentRowIndex":0,"tableIndex":0,"count":85,"isLast":false,"percentComplete":0,"tableDone":false},{"currentRowIndex":0,"tableIndex":0,"count":90,"isLast":false,"percentComplete":0,"tableDone":true}],"trainingAccuracy":0.94936708860759489,"checkpointMetrics":{},"analysedDataType":"none","dataSourceID":"6E28379E-68A2-40C4-8CFC-5C64C56F8695","snapshottableCheckpoints":{},"validationAccuracy":0.18181818181818188,"startTime":"2021-11-29T07:46:33Z"},"createdDate":"2021-11-29T07:10:57Z","snapshotRole":{"withoutSnapshots":0},"evaluationEntities":[{"result":{"imageClassifier":{"statsByLabel":{"c680":{"count":3,"precisionRecall":{"success":{"recall":1,"precision":1}}},"bk117":{"count":3,"precisionRecall":{"success":{"recall":0.66666666666666663,"precision":0.5}}},"b430":{"count":3,"precisionRecall":{"success":{"recall":0.33333333333333331,"precision":1}}},"md900":{"count":3,"precisionRecall":{"success":{"recall":0,"precision":0}}},"as350":{"count":3,"precisionRecall":{"success":{"recall":0,"precision":0}}},"s76":{"count":3,"precisionRecall":{"success":{"recall":0.66666666666666663,"precision":0.33333333333333331}}},"b412":{"count":3,"precisionRecall":{"success":{"recall":0,"precision":0}}},"aw139":{"count":3,"precisionRecall":{"success":{"recall":0.33333333333333331,"precision":1}}},"as332":{"count":3,"precisionRecall":{"success":{"recall":0.33333333333333331,"precision":0.14285714285714285}}}},"accuracy":0.37037037037037035}},"dataURL":"file:\/\/\/Users\/shinoharakouhei\/Desktop\/TestingData\/","id":"381d6221-3fea-4499-97e3-537d290c238c","dataResult":{"itemsCount":27,"dataURL":"file:\/\/\/Users\/shinoharakouhei\/Desktop\/TestingData\/","classesCount":9,"dataSourceID":"F10D0B55-8A6D-46DC-8B36-6E3EEEEF2977","analysis":{"summary":{"sampleCount":27,"classCount":9,"canUseValidation":0},"issues":[{"description":"9 classes found, including s76, md900, c680","severity":"debug"},{"description":"Less than 50 total images found - add more to improve model validation","severity":"warning"},{"description":"Smallest class is \"b430\" with 3 images","severity":"debug"},{"description":"Largest class is \"s76\" with 3 images","severity":"debug"}],"classifierAnalysis":{"columns":[],"vizualizerSpec":"","labelStats":{"c680":3,"bk117":3,"b430":3,"md900":3,"as350":3,"s76":3,"b412":3,"aw139":3,"as332":3}}}},"dataSourceID":"F10D0B55-8A6D-46DC-8B36-6E3EEEEF2977","analysedDataType":"none","accuracy":0.37037037037037035,"startTime":"2021-11-29T07:46:39Z","finishTime":"2021-11-29T07:46:40Z"},{"id":"aea89f26-53c5-433a-a8d7-2da0aab43760","dataResult":{"itemsCount":27,"dataURL":"file:\/\/\/Users\/shinoharakouhei\/Desktop\/TestingData\/","classesCount":9,"dataSourceID":"F10D0B55-8A6D-46DC-8B36-6E3EEEEF2977","analysis":{"summary":{"sampleCount":27,"classCount":9,"canUseValidation":0},"issues":[{"description":"9 classes found, including s76, md900, c680","severity":"debug"},{"description":"Less than 50 total images found - add more to improve model validation","severity":"warning"},{"description":"Smallest class is \"b430\" with 3 images","severity":"debug"},{"description":"Largest class is \"s76\" with 3 images","severity":"debug"}],"classifierAnalysis":{"columns":[],"vizualizerSpec":"","labelStats":{"c680":3,"bk117":3,"b430":3,"md900":3,"as350":3,"s76":3,"b412":3,"aw139":3,"as332":3}}}},"dataURL":"file:\/\/\/Users\/shinoharakouhei\/Desktop\/TestingData\/","dataSourceID":"F10D0B55-8A6D-46DC-8B36-6E3EEEEF2977","analysedDataType":"none"}],"activityEntities":["experimentCreated",[{"id":"7F84F994-ABF4-4781-8BCA-BAC2C72CEF76","title":"Model Source Created","createdDate":"2021-11-29T07:10:57Z","event":"experimentCreated","subtitle":"MyImageClassifier 1"}],"trainingDataAdded",[{"id":"B26CA23C-CD81-46F6-AA55-12C8823B29C5","title":"Training Data Added","createdDate":"2021-11-29T07:44:33Z","event":"trainingDataAdded","subtitle":"TrainingData"}],"trainingFinished",[{"id":"044FDEC5-1D4A-4891-BA69-7F342CD88CFB","title":"Training Completed","createdDate":"2021-11-29T07:46:37Z","event":"trainingFinished","subtitle":"Model converged at 10 iterations"}],"evaluationStarted",[{"id":"984487B4-2C2A-4D8B-8713-7B56AA55776E","title":"Testing Started","createdDate":"2021-11-29T07:46:39Z","event":"evaluationStarted","subtitle":"MyImageClassifier 1"}],"evaluationFinished",[{"id":"042802A2-A100-458F-82C9-E475FCBE3591","title":"Testing Completed","createdDate":"2021-11-29T07:46:40Z","event":"evaluationFinished","subtitle":"MyImageClassifier 1"}],"evaluationDataAdded",[{"id":"7DAE41DD-6B7A-4C0D-A43C-91BEA317C54D","title":"Testing Data Added","createdDate":"2021-11-29T07:45:36Z","event":"evaluationDataAdded","subtitle":"TestingData"}],"trainingStarted",[{"id":"B85C5EE1-855E-487F-B614-C125E6D58005","title":"Training Started","createdDate":"2021-11-29T07:46:33Z","event":"trainingStarted","subtitle":"25 iterations"}]],"title":"MyImageClassifier 1","evaluationEntity":{"result":{"imageClassifier":{"statsByLabel":{"c680":{"count":3,"precisionRecall":{"success":{"recall":1,"precision":1}}},"bk117":{"count":3,"precisionRecall":{"success":{"recall":0.66666666666666663,"precision":0.5}}},"b430":{"count":3,"precisionRecall":{"success":{"recall":0.33333333333333331,"precision":1}}},"md900":{"count":3,"precisionRecall":{"success":{"recall":0,"precision":0}}},"as350":{"count":3,"precisionRecall":{"success":{"recall":0,"precision":0}}},"s76":{"count":3,"precisionRecall":{"success":{"recall":0.66666666666666663,"precision":0.33333333333333331}}},"b412":{"count":3,"precisionRecall":{"success":{"recall":0,"precision":0}}},"aw139":{"count":3,"precisionRecall":{"success":{"recall":0.33333333333333331,"precision":1}}},"as332":{"count":3,"precisionRecall":{"success":{"recall":0.33333333333333331,"precision":0.14285714285714285}}}},"accuracy":0.37037037037037035}},"dataURL":"file:\/\/\/Users\/shinoharakouhei\/Desktop\/TestingData\/","id":"01992535-64ae-41f1-83b6-738a4c633b7e","dataResult":{"itemsCount":27,"dataURL":"file:\/\/\/Users\/shinoharakouhei\/Desktop\/TestingData\/","classesCount":9,"dataSourceID":"F10D0B55-8A6D-46DC-8B36-6E3EEEEF2977","analysis":{"summary":{"sampleCount":27,"classCount":9,"canUseValidation":0},"issues":[{"description":"9 classes found, including s76, md900, c680","severity":"debug"},{"description":"Less than 50 total images found - add more to improve model validation","severity":"warning"},{"description":"Smallest class is \"b430\" with 3 images","severity":"debug"},{"description":"Largest class is \"s76\" with 3 images","severity":"debug"}],"classifierAnalysis":{"columns":[],"vizualizerSpec":"","labelStats":{"c680":3,"bk117":3,"b430":3,"md900":3,"as350":3,"s76":3,"b412":3,"aw139":3,"as332":3}}}},"dataSourceID":"F10D0B55-8A6D-46DC-8B36-6E3EEEEF2977","analysedDataType":"none","accuracy":0.37037037037037035,"startTime":"2021-11-29T07:46:39Z","finishTime":"2021-11-29T07:46:40Z"},"evaluationState":"evaluated","contentDataResult":{},"modifiedDate":"2021-11-29T07:46:40Z","preferredFilename":"MyImageClassifier 1"}