{"id":"CBF322DA-08D9-4393-9569-0D3EF5592E80","validationEntity":{"analysedDataType":"auto","dataResult":{"createdDate":"2021-12-31T05:54:16Z"}},"modelEntity":{"createdDate":"2021-12-31T05:54:16Z","id":"29AAC813-126A-4D36-BC80-1A76E4B7AF90","experimentID":"CBF322DA-08D9-4393-9569-0D3EF5592E80","title":"","modifiedDate":"2021-12-31T05:54:16Z","preferredFilename":"","version":"1.0","modelURL":"Models\/HelicopterImageClassifier2%201.mlmodel"},"version":"1.0","settingEntity":{"taskType":"imageClassifier","augmentations":[],"styleTransferAlgorithmType":"image","iterationCount":25,"transferLearningEmbeddingType":"dynamic","harVideoAugmentations":0,"handPoseClassifierAugmentations":[],"algorithmType":"maxEnt","handActionClassifierAugmentations":[],"seedType":"default","featureNames":[]},"state":"trained","trainingEntity":{"finishTime":"2021-12-31T05:56:08Z","recipeTrainingResults":{"imageClassifier":{"confusionMatrix":[{"expected":"AS332","actual":"AS332","count":2},{"expected":"AS350","actual":"AS332","count":2},{"expected":"AW101","actual":"AS332","count":1},{"expected":"AW139","actual":"AS332","count":1},{"expected":"BK117","actual":"AS332","count":1},{"expected":"MD900","actual":"AS332","count":1},{"expected":"S76","actual":"AS332","count":1},{"expected":"SA315","actual":"AS332","count":1},{"expected":"AS350","actual":"AS350","count":7},{"expected":"B430","actual":"AS350","count":1},{"expected":"AS365","actual":"AS365","count":8},{"expected":"AW101","actual":"AW101","count":8},{"expected":"AW139","actual":"AW139","count":7},{"expected":"B204","actual":"B204","count":10},{"expected":"B206","actual":"B206","count":10},{"expected":"B412","actual":"B412","count":8},{"expected":"BK117","actual":"B412","count":1},{"expected":"AW101","actual":"B430","count":1},{"expected":"B430","actual":"B430","count":8},{"expected":"BK117","actual":"BK117","count":6},{"expected":"MD900","actual":"BK117","count":1},{"expected":"C680","actual":"C680","count":10},{"expected":"Kaman K-MAX","actual":"Kaman K-MAX","count":10},{"expected":"MD900","actual":"MD900","count":10},{"expected":"R22","actual":"R22","count":10},{"expected":"R44","actual":"R44","count":8},{"expected":"S76","actual":"S76","count":7},{"expected":"SA315","actual":"SA315","count":10},{"expected":"UNMANNED AIRCRAFT","actual":"UNMANNED AIRCRAFT","count":8}],"statsByLabel":{"S76":{"count":7,"precisionRecall":{"success":{"recall":1,"precision":0.875}}},"AW101":{"count":8,"precisionRecall":{"success":{"recall":1,"precision":0.80000000000000004}}},"B204":{"count":10,"precisionRecall":{"success":{"recall":1,"precision":1}}},"MD900":{"count":10,"precisionRecall":{"success":{"recall":1,"precision":0.83333333333333337}}},"B412":{"count":9,"precisionRecall":{"success":{"recall":0.88888888888888884,"precision":1}}},"AS332":{"count":10,"precisionRecall":{"success":{"recall":0.20000000000000001,"precision":1}}},"R22":{"count":10,"precisionRecall":{"success":{"recall":1,"precision":1}}},"R44":{"count":8,"precisionRecall":{"success":{"recall":1,"precision":1}}},"C680":{"count":10,"precisionRecall":{"success":{"recall":1,"precision":1}}},"Kaman K-MAX":{"count":10,"precisionRecall":{"success":{"recall":1,"precision":1}}},"B206":{"count":10,"precisionRecall":{"success":{"recall":1,"precision":1}}},"UNMANNED AIRCRAFT":{"count":8,"precisionRecall":{"success":{"recall":1,"precision":1}}},"B430":{"count":9,"precisionRecall":{"success":{"recall":0.88888888888888884,"precision":0.88888888888888884}}},"SA315":{"count":10,"precisionRecall":{"success":{"recall":1,"precision":0.90909090909090906}}},"AW139":{"count":7,"precisionRecall":{"success":{"recall":1,"precision":0.875}}},"BK117":{"count":7,"precisionRecall":{"success":{"recall":0.8571428571428571,"precision":0.75}}},"AS365":{"count":8,"precisionRecall":{"success":{"recall":1,"precision":1}}},"AS350":{"count":8,"precisionRecall":{"success":{"recall":0.875,"precision":0.77777777777777779}}}},"accuracy":0.92452830188679247}},"dataResult":{"itemsCount":181,"createdDate":"2021-12-31T05:54:16Z","dataURL":"file:\/\/\/Users\/shinoharakouhei\/Desktop\/%E5%AD%A6%E7%BF%92%E7%94%A8%E5%86%99%E7%9C%9F%EF%BC%91%EF%BC%88%E8%88%AA%E7%A9%BA%E6%A9%9F%EF%BC%89\/TrainingData\/","dataSourceID":"A7435402-9E39-4CC1-8421-CB01D6E10658","classesCount":18,"analysis":{"summary":{"sampleCount":181,"classCount":18,"canUseValidation":1},"issues":[{"description":"18 classes found, including R22, AS332, AW139","severity":"debug"},{"description":"181 images found, automatically creating validation set","severity":"good"},{"description":"Smallest class is \"B204\" with 10 images","severity":"debug"},{"description":"Largest class is \"R22\" with 11 images","severity":"debug"}],"classifierAnalysis":{"labelStats":{"S76":10,"AW101":10,"B204":10,"MD900":10,"B412":10,"AS332":10,"R22":11,"R44":10,"C680":10,"Kaman K-MAX":10,"B206":10,"UNMANNED AIRCRAFT":10,"B430":10,"SA315":10,"AW139":10,"BK117":10,"AS365":10,"AS350":10}}}},"dataURL":"file:\/\/\/Users\/shinoharakouhei\/Desktop\/%E5%AD%A6%E7%BF%92%E7%94%A8%E5%86%99%E7%9C%9F%EF%BC%91%EF%BC%88%E8%88%AA%E7%A9%BA%E6%A9%9F%EF%BC%89\/TrainingData\/","featureExtractionCheckpointMayBeAvailable":false,"recipeValidationResults":{"imageClassifier":{"confusionMatrix":[{"expected":"AS332","actual":"AS350","count":1},{"expected":"AS350","actual":"AS350","count":1},{"expected":"B204","actual":"AS365","count":1},{"expected":"B206","actual":"AS365","count":1},{"expected":"AS365","actual":"AW101","count":1},{"expected":"AW101","actual":"AW101","count":1},{"expected":"B412","actual":"AW139","count":2},{"expected":"Kaman K-MAX","actual":"AW139","count":1},{"expected":"B204","actual":"B412","count":1},{"expected":"AW139","actual":"B430","count":1},{"expected":"AW139","actual":"BK117","count":1},{"expected":"B412","actual":"BK117","count":1},{"expected":"BK117","actual":"BK117","count":1},{"expected":"B204","actual":"R22","count":1},{"expected":"B206","actual":"R44","count":1},{"expected":"R44","actual":"R44","count":1},{"expected":"B430","actual":"S76","count":1},{"expected":"MD900","actual":"S76","count":1},{"expected":"S76","actual":"S76","count":1},{"expected":"UNMANNED AIRCRAFT","actual":"UNMANNED AIRCRAFT","count":2}],"statsByLabel":{"S76":{"count":3,"precisionRecall":{"success":{"recall":0.33333333333333331,"precision":1}}},"AW101":{"count":2,"precisionRecall":{"success":{"recall":0.5,"precision":1}}},"B204":{"count":0,"precisionRecall":{"success":{"recall":0,"precision":0}}},"MD900":{"count":0,"precisionRecall":{"success":{"recall":0,"precision":0}}},"R44":{"count":2,"precisionRecall":{"success":{"recall":0.5,"precision":1}}},"B412":{"count":1,"precisionRecall":{"success":{"recall":0,"precision":0}}},"AS332":{"count":0,"precisionRecall":{"success":{"recall":0,"precision":0}}},"R22":{"count":1,"precisionRecall":{"success":{"recall":0,"precision":0}}},"Kaman K-MAX":{"count":0,"precisionRecall":{"success":{"recall":0,"precision":0}}},"B206":{"count":0,"precisionRecall":{"success":{"recall":0,"precision":0}}},"UNMANNED AIRCRAFT":{"count":2,"precisionRecall":{"success":{"recall":1,"precision":1}}},"B430":{"count":1,"precisionRecall":{"success":{"recall":0,"precision":0}}},"AW139":{"count":3,"precisionRecall":{"success":{"recall":0,"precision":0}}},"BK117":{"count":3,"precisionRecall":{"success":{"recall":0.33333333333333331,"precision":1}}},"AS365":{"count":2,"precisionRecall":{"success":{"recall":0,"precision":0}}},"AS350":{"count":2,"precisionRecall":{"success":{"recall":0.5,"precision":1}}}},"accuracy":0.31818181818181812}},"progress":[{"currentRowIndex":0,"tableIndex":0,"count":0,"isLast":false,"percentComplete":0,"tableDone":false},{"icTrainingColumnHeader":{"hasValidation":true,"elapsedTime":1.0479540000000001,"trainingAccuracy":0.31446499999999999,"iterationCount":1,"validationAccuracy":0.09090899999999999},"isLast":false,"currentRowIndex":0,"count":1,"tableDone":false,"tableIndex":19,"percentComplete":0},{"icTrainingColumnHeader":{"hasValidation":true,"elapsedTime":1.079745,"trainingAccuracy":0.53459100000000004,"iterationCount":2,"validationAccuracy":0.09090899999999999},"isLast":false,"currentRowIndex":0,"count":2,"tableDone":false,"tableIndex":19,"percentComplete":0},{"icTrainingColumnHeader":{"hasValidation":true,"elapsedTime":1.0930569999999999,"trainingAccuracy":0.59119500000000003,"iterationCount":3,"validationAccuracy":0.272727},"isLast":false,"currentRowIndex":0,"count":3,"tableDone":false,"tableIndex":19,"percentComplete":0},{"icTrainingColumnHeader":{"hasValidation":true,"elapsedTime":1.1099479999999999,"trainingAccuracy":0.76100599999999996,"iterationCount":4,"validationAccuracy":0.36363600000000001},"isLast":false,"currentRowIndex":0,"count":4,"tableDone":false,"tableIndex":19,"percentComplete":0},{"icTrainingColumnHeader":{"hasValidation":true,"elapsedTime":1.1250119999999999,"trainingAccuracy":0.82389900000000005,"iterationCount":5,"validationAccuracy":0.227273},"isLast":false,"currentRowIndex":0,"count":5,"tableDone":false,"tableIndex":19,"percentComplete":0},{"icTrainingColumnHeader":{"hasValidation":true,"elapsedTime":1.2114860000000001,"trainingAccuracy":0.92452800000000002,"iterationCount":10,"validationAccuracy":0.31818200000000002},"isLast":false,"currentRowIndex":0,"count":10,"tableDone":true,"tableIndex":19,"percentComplete":0},{"currentRowIndex":0,"tableIndex":0,"count":20,"isLast":false,"percentComplete":0,"tableDone":false},{"currentRowIndex":0,"tableIndex":0,"count":30,"isLast":false,"percentComplete":0,"tableDone":false},{"currentRowIndex":0,"tableIndex":0,"count":40,"isLast":false,"percentComplete":0,"tableDone":false},{"currentRowIndex":0,"tableIndex":0,"count":50,"isLast":false,"percentComplete":0,"tableDone":false},{"currentRowIndex":0,"tableIndex":0,"count":60,"isLast":false,"percentComplete":0,"tableDone":false},{"currentRowIndex":0,"tableIndex":0,"count":70,"isLast":false,"percentComplete":0,"tableDone":false},{"currentRowIndex":0,"tableIndex":0,"count":80,"isLast":false,"percentComplete":0,"tableDone":false},{"currentRowIndex":0,"tableIndex":0,"count":90,"isLast":false,"percentComplete":0,"tableDone":false},{"currentRowIndex":0,"tableIndex":0,"count":100,"isLast":false,"percentComplete":0,"tableDone":false},{"currentRowIndex":0,"tableIndex":0,"count":110,"isLast":false,"percentComplete":0,"tableDone":false},{"currentRowIndex":0,"tableIndex":0,"count":120,"isLast":false,"percentComplete":0,"tableDone":false},{"currentRowIndex":0,"tableIndex":0,"count":130,"isLast":false,"percentComplete":0,"tableDone":false},{"currentRowIndex":0,"tableIndex":0,"count":140,"isLast":false,"percentComplete":0,"tableDone":false},{"currentRowIndex":0,"tableIndex":0,"count":150,"isLast":false,"percentComplete":0,"tableDone":false},{"currentRowIndex":0,"tableIndex":0,"count":160,"isLast":false,"percentComplete":0,"tableDone":false},{"currentRowIndex":0,"tableIndex":0,"count":170,"isLast":false,"percentComplete":0,"tableDone":false},{"currentRowIndex":0,"tableIndex":0,"count":180,"isLast":false,"percentComplete":0,"tableDone":false},{"currentRowIndex":0,"tableIndex":0,"count":181,"isLast":false,"percentComplete":0,"tableDone":true}],"trainingAccuracy":0.92452830188679247,"checkpointMetrics":{},"analysedDataType":"datasource","dataSourceID":"A7435402-9E39-4CC1-8421-CB01D6E10658","snapshottableCheckpoints":{},"validationAccuracy":0.31818181818181812,"startTime":"2021-12-31T05:56:04Z"},"createdDate":"2021-12-31T05:54:16Z","evaluationContainerEntity":{"testingEvaluationEntity":{"result":{"imageClassifier":{"statsByLabel":{"S76":{"count":3,"precisionRecall":{"success":{"recall":0.33333333333333331,"precision":0.5}}},"AW101":{"count":4,"precisionRecall":{"success":{"recall":0.25,"precision":1}}},"B204":{"count":4,"precisionRecall":{"success":{"recall":0.25,"precision":0.10000000000000001}}},"MD900":{"count":3,"precisionRecall":{"success":{"recall":0,"precision":0}}},"B412":{"count":3,"precisionRecall":{"success":{"recall":0,"precision":0}}},"AS332":{"count":3,"precisionRecall":{"success":{"recall":0,"precision":0}}},"R22":{"count":4,"precisionRecall":{"success":{"recall":0.5,"precision":0.66666666666666663}}},"R44":{"count":4,"precisionRecall":{"success":{"recall":0.25,"precision":1}}},"C680":{"count":3,"precisionRecall":{"success":{"recall":1,"precision":1}}},"Kaman K-MAX":{"count":4,"precisionRecall":{"success":{"recall":1,"precision":0.5}}},"B206":{"count":4,"precisionRecall":{"success":{"recall":0.25,"precision":0.25}}},"B430":{"count":3,"precisionRecall":{"success":{"recall":0.33333333333333331,"precision":1}}},"SA315":{"count":4,"precisionRecall":{"success":{"recall":1,"precision":0.44444444444444442}}},"AW139":{"count":3,"precisionRecall":{"success":{"recall":0.33333333333333331,"precision":0.5}}},"BK117":{"count":3,"precisionRecall":{"success":{"recall":1,"precision":0.75}}},"AS365":{"count":4,"precisionRecall":{"success":{"recall":0.5,"precision":0.2857142857142857}}},"AS350":{"count":3,"precisionRecall":{"success":{"recall":0,"precision":0}}}},"accuracy":0.42372881355932202}},"createdDate":"2021-12-31T05:54:43Z","id":"8f273ead-6fcb-4a76-9f4a-bf2f83ba1d85","dataURL":"file:\/\/\/Users\/shinoharakouhei\/Desktop\/%E5%AD%A6%E7%BF%92%E7%94%A8%E5%86%99%E7%9C%9F%EF%BC%91%EF%BC%88%E8%88%AA%E7%A9%BA%E6%A9%9F%EF%BC%89\/TestingData\/","dataSourceID":"410EEDD3-73ED-4BD5-9B77-B786A4A47D5E","dataResult":{"itemsCount":59,"createdDate":"2021-12-31T05:54:43Z","dataURL":"file:\/\/\/Users\/shinoharakouhei\/Desktop\/%E5%AD%A6%E7%BF%92%E7%94%A8%E5%86%99%E7%9C%9F%EF%BC%91%EF%BC%88%E8%88%AA%E7%A9%BA%E6%A9%9F%EF%BC%89\/TestingData\/","dataSourceID":"410EEDD3-73ED-4BD5-9B77-B786A4A47D5E","classesCount":17,"analysis":{"summary":{"canUseValidation":1,"classCount":17,"sampleCount":59},"issues":[{"description":"17 classes found, including AS365, B204, SA315","severity":"debug"},{"description":"59 images found, automatically creating validation set","severity":"good"},{"description":"Smallest class is \"C680\" with 3 images","severity":"debug"},{"description":"Largest class is \"AS365\" with 4 images","severity":"debug"}],"classifierAnalysis":{"labelStats":{"S76":3,"AW101":4,"B204":4,"MD900":3,"B412":3,"AS332":3,"R22":4,"R44":4,"C680":3,"Kaman K-MAX":4,"B206":4,"B430":3,"SA315":4,"AW139":3,"BK117":3,"AS365":4,"AS350":3}}}},"analysedDataType":"datasource","accuracy":0.42372881355932202,"startTime":"2021-12-31T05:56:10Z","finishTime":"2021-12-31T05:56:11Z"},"createdDate":"2022-01-11T08:41:40Z","id":"081c025d-783e-410a-8537-ec7ccac79e07","trainingEvaluationEntity":{"result":{"imageClassifier":{"confusionMatrix":[{"expected":"AS332","actual":"AS332","count":2},{"expected":"AS350","actual":"AS332","count":2},{"expected":"AW101","actual":"AS332","count":1},{"expected":"AW139","actual":"AS332","count":1},{"expected":"BK117","actual":"AS332","count":1},{"expected":"MD900","actual":"AS332","count":1},{"expected":"S76","actual":"AS332","count":1},{"expected":"SA315","actual":"AS332","count":1},{"expected":"AS350","actual":"AS350","count":7},{"expected":"B430","actual":"AS350","count":1},{"expected":"AS365","actual":"AS365","count":8},{"expected":"AW101","actual":"AW101","count":8},{"expected":"AW139","actual":"AW139","count":7},{"expected":"B204","actual":"B204","count":10},{"expected":"B206","actual":"B206","count":10},{"expected":"B412","actual":"B412","count":8},{"expected":"BK117","actual":"B412","count":1},{"expected":"AW101","actual":"B430","count":1},{"expected":"B430","actual":"B430","count":8},{"expected":"BK117","actual":"BK117","count":6},{"expected":"MD900","actual":"BK117","count":1},{"expected":"C680","actual":"C680","count":10},{"expected":"Kaman K-MAX","actual":"Kaman K-MAX","count":10},{"expected":"MD900","actual":"MD900","count":10},{"expected":"R22","actual":"R22","count":10},{"expected":"R44","actual":"R44","count":8},{"expected":"S76","actual":"S76","count":7},{"expected":"SA315","actual":"SA315","count":10},{"expected":"UNMANNED AIRCRAFT","actual":"UNMANNED AIRCRAFT","count":8}],"statsByLabel":{"S76":{"count":7,"precisionRecall":{"success":{"recall":1,"precision":0.875}}},"AW101":{"count":8,"precisionRecall":{"success":{"recall":1,"precision":0.80000000000000004}}},"B204":{"count":10,"precisionRecall":{"success":{"recall":1,"precision":1}}},"MD900":{"count":10,"precisionRecall":{"success":{"recall":1,"precision":0.83333333333333337}}},"B412":{"count":9,"precisionRecall":{"success":{"recall":0.88888888888888884,"precision":1}}},"AS332":{"count":10,"precisionRecall":{"success":{"recall":0.20000000000000001,"precision":1}}},"R22":{"count":10,"precisionRecall":{"success":{"recall":1,"precision":1}}},"R44":{"count":8,"precisionRecall":{"success":{"recall":1,"precision":1}}},"C680":{"count":10,"precisionRecall":{"success":{"recall":1,"precision":1}}},"Kaman K-MAX":{"count":10,"precisionRecall":{"success":{"recall":1,"precision":1}}},"B206":{"count":10,"precisionRecall":{"success":{"recall":1,"precision":1}}},"UNMANNED AIRCRAFT":{"count":8,"precisionRecall":{"success":{"recall":1,"precision":1}}},"B430":{"count":9,"precisionRecall":{"success":{"recall":0.88888888888888884,"precision":0.88888888888888884}}},"SA315":{"count":10,"precisionRecall":{"success":{"recall":1,"precision":0.90909090909090906}}},"AW139":{"count":7,"precisionRecall":{"success":{"recall":1,"precision":0.875}}},"BK117":{"count":7,"precisionRecall":{"success":{"recall":0.8571428571428571,"precision":0.75}}},"AS365":{"count":8,"precisionRecall":{"success":{"recall":1,"precision":1}}},"AS350":{"count":8,"precisionRecall":{"success":{"recall":0.875,"precision":0.77777777777777779}}}},"accuracy":0.92452830188679247}},"createdDate":"2021-12-31T05:54:16Z","id":"f897e956-9a7d-4978-bde1-cec82649c884","dataURL":"file:\/\/\/Users\/shinoharakouhei\/Desktop\/%E5%AD%A6%E7%BF%92%E7%94%A8%E5%86%99%E7%9C%9F%EF%BC%91%EF%BC%88%E8%88%AA%E7%A9%BA%E6%A9%9F%EF%BC%89\/TrainingData\/","dataSourceID":"A7435402-9E39-4CC1-8421-CB01D6E10658","dataResult":{"itemsCount":181,"createdDate":"2021-12-31T05:54:16Z","dataURL":"file:\/\/\/Users\/shinoharakouhei\/Desktop\/%E5%AD%A6%E7%BF%92%E7%94%A8%E5%86%99%E7%9C%9F%EF%BC%91%EF%BC%88%E8%88%AA%E7%A9%BA%E6%A9%9F%EF%BC%89\/TrainingData\/","dataSourceID":"A7435402-9E39-4CC1-8421-CB01D6E10658","classesCount":18,"analysis":{"summary":{"sampleCount":181,"classCount":18,"canUseValidation":1},"issues":[{"description":"18 classes found, including R22, AS332, AW139","severity":"debug"},{"description":"181 images found, automatically creating validation set","severity":"good"},{"description":"Smallest class is \"B204\" with 10 images","severity":"debug"},{"description":"Largest class is \"R22\" with 11 images","severity":"debug"}],"classifierAnalysis":{"labelStats":{"S76":10,"AW101":10,"B204":10,"MD900":10,"B412":10,"AS332":10,"R22":11,"R44":10,"C680":10,"Kaman K-MAX":10,"B206":10,"UNMANNED AIRCRAFT":10,"B430":10,"SA315":10,"AW139":10,"BK117":10,"AS365":10,"AS350":10}}}},"analysedDataType":"none"},"previewType":"imageClassifier","modifiedDate":"2022-01-11T08:41:40Z","validationEvaluationEntity":{"result":{"imageClassifier":{"confusionMatrix":[{"expected":"AS332","actual":"AS350","count":1},{"expected":"AS350","actual":"AS350","count":1},{"expected":"B204","actual":"AS365","count":1},{"expected":"B206","actual":"AS365","count":1},{"expected":"AS365","actual":"AW101","count":1},{"expected":"AW101","actual":"AW101","count":1},{"expected":"B412","actual":"AW139","count":2},{"expected":"Kaman K-MAX","actual":"AW139","count":1},{"expected":"B204","actual":"B412","count":1},{"expected":"AW139","actual":"B430","count":1},{"expected":"AW139","actual":"BK117","count":1},{"expected":"B412","actual":"BK117","count":1},{"expected":"BK117","actual":"BK117","count":1},{"expected":"B204","actual":"R22","count":1},{"expected":"B206","actual":"R44","count":1},{"expected":"R44","actual":"R44","count":1},{"expected":"B430","actual":"S76","count":1},{"expected":"MD900","actual":"S76","count":1},{"expected":"S76","actual":"S76","count":1},{"expected":"UNMANNED AIRCRAFT","actual":"UNMANNED AIRCRAFT","count":2}],"statsByLabel":{"S76":{"count":3,"precisionRecall":{"success":{"recall":0.33333333333333331,"precision":1}}},"AW101":{"count":2,"precisionRecall":{"success":{"recall":0.5,"precision":1}}},"B204":{"count":0,"precisionRecall":{"success":{"recall":0,"precision":0}}},"MD900":{"count":0,"precisionRecall":{"success":{"recall":0,"precision":0}}},"R44":{"count":2,"precisionRecall":{"success":{"recall":0.5,"precision":1}}},"B412":{"count":1,"precisionRecall":{"success":{"recall":0,"precision":0}}},"AS332":{"count":0,"precisionRecall":{"success":{"recall":0,"precision":0}}},"R22":{"count":1,"precisionRecall":{"success":{"recall":0,"precision":0}}},"Kaman K-MAX":{"count":0,"precisionRecall":{"success":{"recall":0,"precision":0}}},"B206":{"count":0,"precisionRecall":{"success":{"recall":0,"precision":0}}},"UNMANNED AIRCRAFT":{"count":2,"precisionRecall":{"success":{"recall":1,"precision":1}}},"B430":{"count":1,"precisionRecall":{"success":{"recall":0,"precision":0}}},"AW139":{"count":3,"precisionRecall":{"success":{"recall":0,"precision":0}}},"BK117":{"count":3,"precisionRecall":{"success":{"recall":0.33333333333333331,"precision":1}}},"AS365":{"count":2,"precisionRecall":{"success":{"recall":0,"precision":0}}},"AS350":{"count":2,"precisionRecall":{"success":{"recall":0.5,"precision":1}}}},"accuracy":0.31818181818181812}},"id":"0ecee07a-90ae-4750-9171-d89c40564b8b","createdDate":"2021-12-31T05:54:16Z","dataResult":{"createdDate":"2021-12-31T05:54:16Z"},"analysedDataType":"auto"},"evaluationEntities":[{"result":{"imageClassifier":{"statsByLabel":{"S76":{"count":3,"precisionRecall":{"success":{"recall":0.33333333333333331,"precision":0.5}}},"AW101":{"count":4,"precisionRecall":{"success":{"recall":0.25,"precision":1}}},"B204":{"count":4,"precisionRecall":{"success":{"recall":0.25,"precision":0.10000000000000001}}},"MD900":{"count":3,"precisionRecall":{"success":{"recall":0,"precision":0}}},"B412":{"count":3,"precisionRecall":{"success":{"recall":0,"precision":0}}},"AS332":{"count":3,"precisionRecall":{"success":{"recall":0,"precision":0}}},"R22":{"count":4,"precisionRecall":{"success":{"recall":0.5,"precision":0.66666666666666663}}},"R44":{"count":4,"precisionRecall":{"success":{"recall":0.25,"precision":1}}},"C680":{"count":3,"precisionRecall":{"success":{"recall":1,"precision":1}}},"Kaman K-MAX":{"count":4,"precisionRecall":{"success":{"recall":1,"precision":0.5}}},"B206":{"count":4,"precisionRecall":{"success":{"recall":0.25,"precision":0.25}}},"B430":{"count":3,"precisionRecall":{"success":{"recall":0.33333333333333331,"precision":1}}},"SA315":{"count":4,"precisionRecall":{"success":{"recall":1,"precision":0.44444444444444442}}},"AW139":{"count":3,"precisionRecall":{"success":{"recall":0.33333333333333331,"precision":0.5}}},"BK117":{"count":3,"precisionRecall":{"success":{"recall":1,"precision":0.75}}},"AS365":{"count":4,"precisionRecall":{"success":{"recall":0.5,"precision":0.2857142857142857}}},"AS350":{"count":3,"precisionRecall":{"success":{"recall":0,"precision":0}}}},"accuracy":0.42372881355932202}},"createdDate":"2021-12-31T05:54:43Z","id":"8f273ead-6fcb-4a76-9f4a-bf2f83ba1d85","dataURL":"file:\/\/\/Users\/shinoharakouhei\/Desktop\/%E5%AD%A6%E7%BF%92%E7%94%A8%E5%86%99%E7%9C%9F%EF%BC%91%EF%BC%88%E8%88%AA%E7%A9%BA%E6%A9%9F%EF%BC%89\/TestingData\/","dataSourceID":"410EEDD3-73ED-4BD5-9B77-B786A4A47D5E","dataResult":{"itemsCount":59,"createdDate":"2021-12-31T05:54:43Z","dataURL":"file:\/\/\/Users\/shinoharakouhei\/Desktop\/%E5%AD%A6%E7%BF%92%E7%94%A8%E5%86%99%E7%9C%9F%EF%BC%91%EF%BC%88%E8%88%AA%E7%A9%BA%E6%A9%9F%EF%BC%89\/TestingData\/","dataSourceID":"410EEDD3-73ED-4BD5-9B77-B786A4A47D5E","classesCount":17,"analysis":{"summary":{"canUseValidation":1,"classCount":17,"sampleCount":59},"issues":[{"description":"17 classes found, including AS365, B204, SA315","severity":"debug"},{"description":"59 images found, automatically creating validation set","severity":"good"},{"description":"Smallest class is \"C680\" with 3 images","severity":"debug"},{"description":"Largest class is \"AS365\" with 4 images","severity":"debug"}],"classifierAnalysis":{"labelStats":{"S76":3,"AW101":4,"B204":4,"MD900":3,"B412":3,"AS332":3,"R22":4,"R44":4,"C680":3,"Kaman K-MAX":4,"B206":4,"B430":3,"SA315":4,"AW139":3,"BK117":3,"AS365":4,"AS350":3}}}},"analysedDataType":"datasource","accuracy":0.42372881355932202,"startTime":"2021-12-31T05:56:10Z","finishTime":"2021-12-31T05:56:11Z"}]},"evaluationEntities":[],"activityEntities":["trainingFinished",[{"id":"EF7F0464-5903-4EB1-B0AB-7725A66E558B","title":"Training Completed","createdDate":"2021-12-31T05:56:08Z","event":"trainingFinished","subtitle":"Model converged at 10 iterations"}],"trainingStarted",[{"id":"214727B8-1EA5-4C9A-BDA0-776CCBA8A6B5","title":"Training Started","createdDate":"2021-12-31T05:56:04Z","event":"trainingStarted","subtitle":"25 iterations"}],"trainingDataAdded",[{"id":"0B73458E-75BA-4600-922E-5EA4BE010C72","title":"Training Data Added","createdDate":"2021-12-31T05:54:39Z","event":"trainingDataAdded","subtitle":"TrainingData"}],"experimentCreated",[{"id":"21108AD2-E57F-4C63-B1F4-D848A568F4A0","title":"Model Source Created","createdDate":"2021-12-31T05:54:16Z","event":"experimentCreated","subtitle":"HelicopterImageClassifier2 1"}],"evaluationFinished",[{"id":"643B7FE5-8CBB-4099-93E6-4861EEC0D837","title":"Testing Completed","createdDate":"2021-12-31T05:56:11Z","event":"evaluationFinished","subtitle":"HelicopterImageClassifier2 1"}],"evaluationStarted",[{"id":"5FC8F8CD-88FA-44B0-81B5-5F7DC66D50DB","title":"Testing Started","createdDate":"2021-12-31T05:56:10Z","event":"evaluationStarted","subtitle":"HelicopterImageClassifier2 1"}]],"title":"HelicopterImageClassifier2 1","evaluationEntity":{"id":"de309f6e-06f4-49a2-855d-bad0d7a97b24","createdDate":"2021-12-31T05:54:16Z","dataResult":{"createdDate":"2021-12-31T05:54:16Z"},"analysedDataType":"none"},"evaluationState":"evaluated","snapshotRole":{"withoutSnapshots":0},"modifiedDate":"2022-01-11T08:41:40Z","contentDataResult":{"createdDate":"2021-12-31T05:54:16Z"},"preferredFilename":"HelicopterImageClassifier2 1"}