{"dataURL":"file:\/\/\/Users\/shinoharakouhei\/Desktop\/%E5%AD%A6%E7%BF%92%E7%94%A8%E5%86%99%E7%9C%9F%EF%BC%91%EF%BC%88%E8%88%AA%E7%A9%BA%E6%A9%9F%EF%BC%89\/TestingData\/","id":"410EEDD3-73ED-4BD5-9B77-B786A4A47D5E","createdDate":"2021-12-31T05:54:43Z","title":"TestingData","modifiedDate":"2022-01-11T08:38:21Z","preferredFilename":"TestingData","version":"1.0","dataResult":{"createdDate":"2021-12-31T05:54:43Z","dataURL":"file:\/\/\/Users\/shinoharakouhei\/Desktop\/%E5%AD%A6%E7%BF%92%E7%94%A8%E5%86%99%E7%9C%9F%EF%BC%91%EF%BC%88%E8%88%AA%E7%A9%BA%E6%A9%9F%EF%BC%89\/TestingData\/","dataSourceID":"410EEDD3-73ED-4BD5-9B77-B786A4A47D5E","error":{"code":2,"reason":"file not present at \"TestingData\"","domain":"MLRecipeCreateMLAdaptor.RecipeSession.DataAccessError","errorType":"error"}},"activityEntities":["dataSourceCreated",[{"id":"98FDA2BD-80CC-4284-9FBF-4F1EF281D252","title":"Data Source Created","createdDate":"2021-12-31T05:54:43Z","event":"dataSourceCreated","subtitle":"TestingData"}]],"pathType":0,"experimentIDs":["CBF322DA-08D9-4393-9569-0D3EF5592E80"]}