{"dataURL":"file:\/\/\/Users\/shinoharakouhei\/Desktop\/%E5%AD%A6%E7%BF%92%E7%94%A8%E5%86%99%E7%9C%9F%EF%BC%91%EF%BC%88%E8%88%AA%E7%A9%BA%E6%A9%9F%EF%BC%89\/TrainingData\/","id":"A7435402-9E39-4CC1-8421-CB01D6E10658","createdDate":"2021-12-31T05:54:39Z","title":"TrainingData","modifiedDate":"2022-01-11T08:38:18Z","preferredFilename":"TrainingData","version":"1.0","dataResult":{"createdDate":"2021-12-31T05:54:39Z","dataURL":"file:\/\/\/Users\/shinoharakouhei\/Desktop\/%E5%AD%A6%E7%BF%92%E7%94%A8%E5%86%99%E7%9C%9F%EF%BC%91%EF%BC%88%E8%88%AA%E7%A9%BA%E6%A9%9F%EF%BC%89\/TrainingData\/","dataSourceID":"A7435402-9E39-4CC1-8421-CB01D6E10658","error":{"code":2,"reason":"file not present at \"TrainingData\"","domain":"MLRecipeCreateMLAdaptor.RecipeSession.DataAccessError","errorType":"error"}},"activityEntities":["dataSourceCreated",[{"id":"F9044DBA-60C1-4170-AF17-60E05AE9164C","title":"Data Source Created","createdDate":"2021-12-31T05:54:39Z","event":"dataSourceCreated","subtitle":"TrainingData"}],"dataSourceTrainingStarted",[{"id":"FE7CC4D1-9FC8-4F0E-98DC-14D052CEA9F1","title":"Used By","createdDate":"2021-12-31T05:56:04Z","event":"dataSourceTrainingStarted","subtitle":"HelicopterImageClassifier2 1"}],"dataSourceMetrics",[{"id":"9350C321-EE1A-4235-986B-4621F4B0927D","title":"Data Summary","createdDate":"2021-12-31T05:56:04Z","event":"dataSourceMetrics","subtitle":"18 Classes, 181 Items"}]],"pathType":0,"experimentIDs":["CBF322DA-08D9-4393-9569-0D3EF5592E80"]}