{"dataURL":"file:\/\/\/Users\/shinoharakouhei\/Desktop\/TestingData\/","id":"F10D0B55-8A6D-46DC-8B36-6E3EEEEF2977","createdDate":"2021-11-29T07:45:36Z","title":"TestingData","modifiedDate":"2021-11-29T07:47:05Z","preferredFilename":"TestingData","version":"1.0","dataResult":{"itemsCount":27,"dataURL":"file:\/\/\/Users\/shinoharakouhei\/Desktop\/TestingData\/","classesCount":9,"analysis":{"summary":{"sampleCount":27,"classCount":9,"canUseValidation":0},"issues":[{"description":"9 classes found, including aw139, bk117, c680","severity":"debug"},{"description":"Less than 50 total images found - add more to improve model validation","severity":"warning"},{"description":"Smallest class is \"b412\" with 3 images","severity":"debug"},{"description":"Largest class is \"aw139\" with 3 images","severity":"debug"}],"classifierAnalysis":{"columns":[],"vizualizerSpec":"","labelStats":{"c680":3,"bk117":3,"b430":3,"md900":3,"as350":3,"s76":3,"b412":3,"aw139":3,"as332":3}}}},"activityEntities":["dataSourceCreated",[{"id":"4DF78089-2B55-485C-A1D1-EB7E2D3C4615","title":"Data Source Created","createdDate":"2021-11-29T07:45:36Z","event":"dataSourceCreated","subtitle":"TestingData"}]],"pathType":0,"experimentIDs":["8A00DB12-8400-4FD0-8DCC-24AA7F02F10E"]}