{"dataURL":"file:\/\/\/Users\/shinoharakouhei\/Desktop\/TrainingData\/","id":"6E28379E-68A2-40C4-8CFC-5C64C56F8695","createdDate":"2021-11-29T07:44:33Z","title":"TrainingData","modifiedDate":"2021-11-29T07:47:06Z","preferredFilename":"TrainingData","version":"1.0","dataResult":{"itemsCount":90,"dataURL":"file:\/\/\/Users\/shinoharakouhei\/Desktop\/TrainingData\/","classesCount":9,"analysis":{"summary":{"sampleCount":90,"classCount":9,"canUseValidation":1},"issues":[{"description":"9 classes found, including b412, b430, aw139","severity":"debug"},{"description":"90 images found, automatically creating validation set","severity":"good"},{"description":"Smallest class is \"bk117\" with 10 images","severity":"debug"},{"description":"Largest class is \"b412\" with 10 images","severity":"debug"}],"classifierAnalysis":{"columns":[],"vizualizerSpec":"","labelStats":{"c680":10,"bk117":10,"b430":10,"md900":10,"as350":10,"s76":10,"b412":10,"aw139":10,"as332":10}}}},"activityEntities":["dataSourceCreated",[{"id":"BA7F8C91-B0E1-49E6-B4FA-33C0DF96702F","title":"Data Source Created","createdDate":"2021-11-29T07:44:33Z","event":"dataSourceCreated","subtitle":"TrainingData"}],"dataSourceTrainingStarted",[{"id":"783D2C49-171A-477A-8126-CD7C9AE6BC6D","title":"Used By","createdDate":"2021-11-29T07:46:33Z","event":"dataSourceTrainingStarted","subtitle":"MyImageClassifier 1"}],"dataSourceMetrics",[{"id":"25B9FD35-01FF-44BB-8686-C77C5CBB2EBF","title":"Data Summary","createdDate":"2021-11-29T07:46:33Z","event":"dataSourceMetrics","subtitle":"9 Classes, 90 Items"}]],"pathType":0,"experimentIDs":["8A00DB12-8400-4FD0-8DCC-24AA7F02F10E"]}